Year,Eng-Ratio,Cs-Raio
2013,3.651068746,
2014,3.639943806,
2015,3.740671215,
2016,3.975688891,
2017,3.992426828,