{"Openness": 0.8721002010469494, "Adventurousness": 0.9412817783076142, "Artistic interests": 0.8364738013962294, "Emotionality": 0.3084417628577329, "Imagination": 0.24694461004122037, "Intellect": 0.9887992218525876, "Authority-challenging": 0.7694296058300851, "Conscientiousness": 0.9751593408302774, "Achievement striving": 0.9606896287446647, "Cautiousness": 0.9394062988539543, "Dutifulness": 0.8098321378675236, "Orderliness": 0.6812101448067687, "Self-discipline": 0.9549868837064021, "Self-efficacy": 0.9649310181710438, "Extraversion": 0.5886983367152604, "Activity level": 0.9316298731076107, "Assertiveness": 0.9938160754265449, "Cheerfulness": 0.4108312738169556, "Excitement-seeking": 0.25178224551562145, "Outgoing": 0.8361855203213965, "Gregariousness": 0.47782524635158147, "Agreeableness": 0.2681875541097921, "Altruism": 0.9538537436302172, "Cooperation": 0.5451193469063166, "Modesty": 0.38990583473860224, "Uncompromising": 0.885480882091138, "Sympathy": 0.9988621293453516, "Trust": 0.6786722475538894, "Emotional range": 0.19827809395339374, "Fiery": 0.028954514173302526, "Prone to worry": 0.03133385056531146, "Melancholy": 0.06924531092925001, "Immoderation": 0.012972962382310715, "Self-consciousness": 0.03273649206443674, "Susceptible to stress": 0.014730832035314445}