{"Openness": 0.48562300018609883, "Adventurousness": 0.7256825565752056, "Artistic interests": 0.6528124110148235, "Emotionality": 0.3740824604651649, "Imagination": 0.690435298051848, "Intellect": 0.6744280148519302, "Authority-challenging": 0.3871730546801659, "Conscientiousness": 0.705320680832779, "Achievement striving": 0.868151066126878, "Cautiousness": 0.6510521005479111, "Dutifulness": 0.41367906808832833, "Orderliness": 0.5625028551285709, "Self-discipline": 0.6413752015673313, "Self-efficacy": 0.9243913373882913, "Extraversion": 0.5199391500004557, "Activity level": 0.8583990726930253, "Assertiveness": 0.927682133965618, "Cheerfulness": 0.26353061509258036, "Excitement-seeking": 0.5850004715286136, "Outgoing": 0.4380628568939423, "Gregariousness": 0.29332137042254564, "Agreeableness": 0.44850185192842684, "Altruism": 0.8019913066201674, "Cooperation": 0.2548296486887801, "Modesty": 0.4139944207386363, "Uncompromising": 0.5508550815958717, "Sympathy": 0.9617381842913952, "Trust": 0.6206991888452585, "Emotional range": 0.5568206139541536, "Fiery": 0.5447572507578657, "Prone to worry": 0.5627987492906592, "Melancholy": 0.38370544582783783, "Immoderation": 0.015268194072002916, "Self-consciousness": 0.3477377797331286, "Susceptible to stress": 0.3130970843376867}