{
    "1": {
        "retweets": 23164.160949868074,
        "favorites": 109287.81530343008
    }, 
    "2": {
        "retweets": 20337.63129973475,
        "favorites": 91114.58090185677
    },
    "3": {
        "retweets": 22172.281690140844,
        "favorites": 102553.91079812206
    },
    "4": {
        "retweets": 25917.225895316806,
        "favorites": 122215.95592286502
    },
    "5": {
        "retweets": 25813.32058287796,
        "favorites": 109268.4918032787
    },    
    "6": {
        "retweets": 27693.724137931036,
        "favorites": 127228.91222570532
    }
}